Ano,Nome da Exposição,Início,Fim,Edifício,Espaço Expositivo,Confirmado?
2026,Sandra Gamarra Heshiki: réplica,2026-03-06,2026-06-07,Lina,1º Andar expositivo,TRUE
2026,La Chola Poblete: Pop andino,2026-03-06,2026-08-02,Pietro,2º Andar,TRUE
2026,Claudia Alarcón & Silät: viver tecendo,2026-03-06,2026-08-02,Pietro,3º Andar,TRUE
2026,Santiago Yahuarcani: o princípio do conhecimento,2026-04-02,2026-08-02,Pietro,5º e 6 º Andar,TRUE
2026,Colectivo Acciones de Arte: democracia radical,2026-04-07,2026-08-02,Pietro,4º Andar,TRUE
2026,Damián Ortega: matéria e energia,2026-05-15,2026-09-13,Lina,"1° Subsolo Aquário, 2° Subsolo",TRUE
2026,Carolina Caycedo: confluências,2026-07-03,2026-10-04,Lina,1º  Andar expositivo,TRUE
2026,Histórias latino-americanas,2026-09-04,2027-01-31,Pietro,Todos os andares,TRUE
2026,Rosa Elena Curruchich: crônicas de Comalapa,2026-10-30,2027-04-04,-,,TRUE
2026,Pablo Delano: Museu da Antiga Colônia,2026-10-30,2027-01-31,-,,TRUE
2026,Jesús Soto,2026-11-27,2027-04-04,-,,TRUE
2026,Manuel Herreros e Mateo Manaure: mi nombre es venezuela,2026-11-27,2027-04-04,-,,TRUE
2025,Histórias da ecologia,2025-09-04,2026-02-01,Pietro,,TRUE
2025,Minerva Cuevas: ecologia social,2025-12-05,2026-04-12,Lina,2° Subsolo,TRUE
2025,Clarissa Tossin: ponto sem retorno,2025-10-10,2026-02-01,Lina,1° andar,TRUE
2025,Mulheres Atingidas por Barragens: bordando direitos,2025-04-11,2025-08-03,Lina,1º subsolo mezanino,TRUE
2025,Frans Krajcberg,2025-05-16,2025-10-19,Lina,2° Subsolo,TRUE
2025,Abel Rodríguez,2025-10-10,2026-04-12,Lina,1° Subsolo Aquário,TRUE
2025,André Taniki,2025-12-05,2026-04-12,Lina,1º Subsolo Mezanino,TRUE
2025,Doações recentes,2025-09-22,2026-10-26,Lina,1º Subsolo Mezanino,TRUE
2025,Hulda Guzmán,2025-04-11,2025-09-14,Lina,1° Subsolo Aquário,TRUE
2025,A Ecologia de Monet,2025-05-16,2025-09-06,Lina,1° Andar,TRUE
2024,Gran Fury: arte não é o bastante,2024-02-23,2024-06-09,Lina,1º Subsolo - aquário,TRUE
2024,Mário de Andrade: duas vidas,2024-03-22,2024-06-09,Lina,1º Subsolo - Mezanino,TRUE
2024,Arte na moda: MASP Renner,2024-03-22,2024-06-09,Lina,2º Subsolo,TRUE
2024,Francis Bacon: a beleza da carne,2024-03-22,2024-07-28,Lina,1º Andar,TRUE
2024,Lia D Castro: em todo lugar,2024-07-05,2024-11-17,Lina,1º Subsolo- Aquário,TRUE
2024,Catherine Opie: o gênero do retrato,2024-07-05,2024-10-27,Lina,2º subsolo,TRUE
2024,Leonilson: agora e as oportunidades,2024-08-23,2024-11-17,Lina,1º Andar,TRUE
2024,Histórias LGBTQIA+,2024-12-13,2025-04-13,Lina,"1º andar, 1º subsolo e 2º subsolo",TRUE
2024,Serigrafistas Queer: liberdade para as sensibilidades,2024-12-13,2025-03-16,Lina,1º Subsolo aquário,TRUE
2023,Carmézia Emiliano: árvore da vida,2023-03-24,2023-06-10,Lina,1º subsolo Aquário,TRUE
2023,MAHKU: mirações,2023-03-24,2023-06-04,Lina,2º Subsolo ,TRUE
2023,Paul Gauguin: o outro e eu,2023-04-28,2023-08-06,Lina,1º Andar,TRUE
2023,Comodato MASP Landmann — cerâmicas e metais pré-colombianos,2023-06-30,2023-09-07,Lina,2º subsolo,TRUE
2023,Sheroanawe Hakihiiwe: tudo isso somos nós,2023-06-30,2023-09-24,Lina,1º Subsolo - Aquário,TRUE
2023,Histórias indígenas,2023-10-20,2024-02-25,Lina,"1º Andar, 1º Subsolo e 2º Subsolo",TRUE
2023,Melissa Cody: Céus tramados,2023-10-20,2024-01-21,Lina,1º Subsolo aquário,TRUE
2023,Doações recentes de 2023,2023-06-30,2024-01-21,Lina,1º Subsolo mezanino,TRUE
2022,Volpi popular,2022-02-25,2022-06-05,Lina,1º Andar,TRUE
2022,Abdias Nascimento: um artista panamefricano,2022-02-25,2022-06-05,Lina,1º Subsolo aquário e mezanino,TRUE
2022,Luiz Zerbini: a mesma história nunca é a mesma,2022-04-01,2022-07-31,Lina,2º Subsolo,TRUE
2022,Dalton Paula: retratos brasileiros,2022-07-29,2022-10-29,Lina,1º Subsolo-Mezanino,TRUE
2022,Joseca Yanomami: nossa terra-floresta,2022-07-29,2022-10-29,Lina,1º Subsolo - Aquário,TRUE
2022,Histórias brasileiras,2022-08-26,2022-10-29,Lina,1º Andar e 2º Subsolo,TRUE
2022,Judith Lauand: desvio concreto,2022-11-25,2023-04-02,Lina,1º Andar,TRUE
2022,Madalena Santos Reinbolt: uma cabeça cheia de planetas,2022-11-25,2023-02-26,Lina,1º Subsolo - Aquário,TRUE
2022,Cinthia Marcelle: por via das dúvidas,2022-12-14,2023-02-26,Lina,2º Subsolo ,TRUE
2022,Doações recentes 2022,2022-08-27,2022-06-06,Lina,1º Subsolo - Mezanino,TRUE
2021,Conceição dos Bugres: tudo é da natureza do mundo (exposição estendida),2021-05-14,2022-01-30,Lina,1º Subsolo mezanino,TRUE
2021,Maria Martins: desejo imaginante (exposição estendida),2021-08-27,2022-01-30,Lina,1º Andar,TRUE
2020,Hélio Oiticica: a dança na minha experiência,2020-10-13,2020-11-22,Lina,2º Subsolo,TRUE
2020,Beatriz Milhazes: Avenida Paulista,2020-12-18,2021-06-06,Lina,2º Subsolo,TRUE
2020,Edgar Degas: o espaço da variação,2020-12-04,2021-08-01,Lina,1º Andar,TRUE
2020,Histórias da dança,Não listada,Não listada,Lina,CANCELADA,TRUE
2020,Senga Nengundi,2020-10-13,2020-11-15,Lina,1º Subsolo - Aquário,TRUE
2020,Trisha Brown,2020-10-13,2020-11-15,Lina,1º Andar,TRUE
2019,Djanira: a memória de seu povo,2019-03-01,2019-05-19,Lina,2º Subsolo,TRUE
2019,Tarsila do Amaral: popular,2019-04-05,2019-07-28,Lina,1º Andar,TRUE
2019,Lina Bo Bardi: Habitat,2019-04-05,2019-07-28,Lina,1º Subsolo - Mezanino e aquário,TRUE
2019,Histórias das mulheres: artistas até 1900,2019-08-23,2019-11-17,Lina,1º Andar,TRUE
2019,Histórias feministas: artistas depois de 2000,2019-08-23,2019-11-17,Lina,1º Subsolo,TRUE
2019,Histórias feministas: artistas depois de 2000,2019-08-23,2019-10-27,Lina,2º Subsolo,TRUE
2019,Anna Bella Geiger: Brasil nativo/Brasil alienígena,2019-11-29,2020-03-01,Lina,2º Subsolo,TRUE
2019,Gego: a linha emancipada,2019-12-13,2020-03-01,Lina,1º Andar,TRUE
2019,"Leonor Antunes: vazios, intervalos e juntas",2019-12-13,2020-04-12,Lina,1º Subsolo - Aquário e mezanino,TRUE
2019,Acervo em transformação: MCA Chicago no MASP,2019-04-05,2019-12-30,Lina,2º Andar,TRUE
2019,Acervo em transformação: Mulheres à frente,2019-10-05,2019-03-10,Lina,2º Andar,TRUE
2019,Comodato MASP Landmann — Têxteis pré-colombianos,2019-06-14,2019-07-28,Lina,2º Subsolo,TRUE
2018,Aleijadinho: imagens de frestas,2018-03-10,2018-06-02,Lina,1º Andar,TRUE
2018,"Maria Auxiliadora: vida cotidiana, pintura e resistência",2018-03-10,2018-06-02,Lina,1º Subsolo - Aquário,TRUE
2018,Emanoel Araujo: a ancestralidade dos símbolos: África-Brasil,2018-04-06,2018-06-02,Lina,2º Subsolo,TRUE
2018,Comodato MASP B3,2018-06-14,2018-07-29,Lina,1º Subsolo -Mezanino,TRUE
2018,Histórias afro-atlânticas,2018-06-29,2018-10-21,Lina,"1º Andar, 1º Subsolo aquário e 2º Subsolo",TRUE
2018,Melvin Edwards: fragmentos de Lynch,2018-08-24,2018-11-15,Lina,1º Subsolo - MEzanino,TRUE
2018,Rubem Valentim: construções afro-atlânticas,2018-11-14,2019-03-10,Lina,1º Andar,TRUE
2018,Sonia Gomes: ainda assim me levanto,2018-11-14,2019-03-10,Lina,1º Subsolo -  aquário ,TRUE
2018,Pedro Figari: nostalgias africanas,2018-12-14,2019-02-10,Lina,2º Subsolo,TRUE
2018,Lucia Laguna: vizinhança,2018-12-14,2019-03-10,Lina,1º Subsolo - Mezanino,TRUE
2017,Avenida Paulista,2017-02-17,2017-05-28,Lina,"1º Andar, 2º Andar,  2º subsolo baianeira",TRUE
2017,Teresinha Soares: Quem tem medo de Teresinha Soares?,2017-04-27,2017-08-06,Lina,2º Subsolo,TRUE
2017,Wanda Pimentel: envolvimentos,2017-05-18,2017-09-17,Lina,1º Subsolo - Mezanino,TRUE
2017,Henri de Toulouse-Lautrec: Toulouse-Lautrec em vermelho,2017-06-30,2017-10-01,Lina,1º Andar,TRUE
2017,Miguel Rio Branco: Nada levarei quando morrer,2017-06-30,2017-10-01,Lina,1º Subsolo Aquário,TRUE
2017,Pedro Correia de Araújo: Erótica,2017-08-25,2017-11-18,Lina,2º Subsolo,TRUE
2017,"Guerrilla Girls: gráfica, 1985-2017",2017-09-29,2018-02-14,Lina,1º Subsolo - Mezanino,TRUE
2017,Histórias da sexualidade,2017-10-20,2018-02-14,Lina,1º Andar e 1º Subsolo - Aquário,TRUE
2017,Tunga: o corpo em obras,2017-12-15,2018-03-11,Lina,2º Subsolo,TRUE
2017,Acervo em transformação (cavaletes de cristal),Longa duração,Em cartaz,Lina,,FALSE
2016,A mão do povo brasileiro (exposição estendida),2016-09-02,2017-01-22,Lina,1º Andar,TRUE
2016,Jonathas de Andrade: convocatória para um mobiliário... (exposição estendida),2016-09-02,2017-01-29,Lina,Mezanino e 2º Subsolo expositivo (baianeira),TRUE
2016,Agostinho Batista de Freitas: São Paulo (exposição estendida),2016-12-10,2017-04-09,Lina,2º Subsolo ,TRUE